feature,importance
benefit_total_3y,0.4338482862661479
education_encoded,0.13189517718452187
employment_encoded,0.10116496867462103
benefit_count_3y,0.09115412393545734
schemes_enrolled_count,0.0641746895278984
benefit_total_1y,0.059719514630436954
house_encoded,0.04706132747325766
district_id,0.030083245932922553
family_size,0.02380897259018231
benefit_count_1y,0.012394967517604733
is_urban,0.00469472626694934
